disciplina,bloco_explicacao,trecho_1,trecho_2,trecho_3,trecho_4,trecho_5,trecho_6
Educação Ambiental,"Consciência ecológica e transformação cotidiana
A Educação Ambiental é um campo essencial para o desenvolvimento de uma consciência crítica e sustentável. Ela busca não apenas informar, mas transformar práticas cotidianas e gerar mudanças concretas. Essa transformação ocorre por meio da reflexão crítica sobre hábitos, valores e a maneira como nos relacionamos com os recursos naturais.
Práticas sustentáveis e responsabilidade coletiva
Por meio da Educação Ambiental, estudantes e professores podem refletir sobre seu papel no ecossistema, entendendo a interdependência entre os seres vivos e o planeta. Consumir de maneira responsável é uma das práticas incentivadas, promovendo escolhas mais conscientes em relação ao meio ambiente.
A Educação Ambiental também estimula ações práticas, como reciclagem, economia de água e energia, e mobilização em torno de causas ambientais. Essas ações ajudam a conectar o conteúdo escolar com a realidade local.
Políticas públicas e justiça climática
Além das ações individuais, a Educação Ambiental aborda questões globais, como as mudanças climáticas e a justiça ambiental. Também discute políticas públicas que afetam diretamente a gestão dos recursos naturais e a qualidade de vida nas cidades. É um campo que prepara os estudantes para atuarem como agentes de transformação na sociedade.","Transformar práticas cotidianas é uma das metas desse campo.","Consumir de maneira responsável é um valor central.","A interdependência dos seres vivos está no centro da proposta.","Mudanças climáticas são um dos temas abordados.","A Educação Ambiental promove ações práticas.","Ela também trata de justiça ambiental."
Cultura Digital,"Tecnologia e cotidiano
A Cultura Digital é marcada pela presença constante das tecnologias na vida cotidiana. Elas não são apenas ferramentas: moldam nossas relações sociais, políticas e econômicas. Entender esse papel estruturante é essencial para lidar de forma crítica com o mundo digital.
Transformações na comunicação e nos direitos
A comunicação foi profundamente transformada pela internet e pelas redes sociais, permitindo novas formas de participação política e de acesso à informação. Ao mesmo tempo, surgem desafios, como a desinformação e os discursos de ódio, que colocam em risco a qualidade do debate público.
Cidadania digital e ética
Refletir sobre esses temas ajuda a formar cidadãos críticos e conscientes de seus direitos e deveres no mundo digital. O uso ético das tecnologias, o combate à vigilância digital e o desenvolvimento de competências informacionais são parte dessa formação.
A escola tem o papel de promover esse debate, inserindo o estudante de forma crítica nesse universo. Reconhecer o valor da Cultura Digital é também preparar para um mundo em constante transformação.","A comunicação foi profundamente transformada pelas redes.","A desinformação é um desafio contemporâneo.","A vigilância digital afeta direitos fundamentais.","Formar cidadãos críticos é uma meta da cultura digital.","As tecnologias moldam relações sociais.","A escola precisa promover esse debate."
Projeto de Vida,"Reflexão pessoal e escolhas conscientes
O componente Projeto de Vida ajuda os estudantes a refletirem sobre seus desejos, escolhas e os caminhos possíveis para o futuro. Autoconhecimento é o ponto de partida, pois permite compreender talentos, sonhos e limitações.
Planejamento e ação
Depois da reflexão, é hora de agir: o planejamento de metas organiza os passos necessários para concretizar objetivos pessoais, acadêmicos e profissionais. A definição de prioridades e a gestão do tempo são competências trabalhadas nesse processo.
Papel da escola e apoio coletivo
A escola atua como espaço de escuta e orientação, ajudando os estudantes a lidar com dúvidas, frustrações e desafios. É importante entender que sonhos e limitações caminham juntos e fazem parte de qualquer trajetória.
O Projeto de Vida também estimula a colaboração e o pensamento coletivo, reconhecendo que o futuro é construído com intenção, responsabilidade e apoio mútuo.","Autoconhecimento é o ponto de partida.","Planejamento de metas é essencial.","A escola orienta e escuta.","Sonhos e limitações fazem parte do processo.","O futuro é construído com intenção.",
